crop,experiment,condition,degradation_type,severity,parameter,accuracy,balanced_accuracy,macro_precision,macro_recall,macro_f1,evaluation_seconds,clean_accuracy,clean_balanced_accuracy,clean_macro_f1,accuracy_drop,balanced_accuracy_drop,macro_f1_drop,accuracy_drop_pp,macro_f1_drop_pp
wheat,efficientnet_b0_baseline,clean,clean,0,{'parameter': 'none'},0.8482252141982864,0.8248100379704906,0.8346073051494034,0.8248100379704906,0.8287885737261269,60.58410167694092,0.8482252141982864,0.8248100379704906,0.8287885737261269,0.0,0.0,0.0,0.0,0.0
wheat,efficientnet_b0_baseline,blur_mild,blur,1,{'sigma': 1.0},0.7729498164014688,0.7465507190674447,0.7593295509977457,0.7465507190674447,0.744263408380823,232.94297909736633,0.8482252141982864,0.8248100379704906,0.8287885737261269,0.07527539779681769,0.07825931890304583,0.08452516534530385,7.527539779681769,8.452516534530385
wheat,efficientnet_b0_baseline,blur_moderate,blur,2,{'sigma': 2.0},0.5391676866585068,0.5278756879779293,0.6543438181193438,0.5278756879779293,0.5255404909012605,249.73976492881775,0.8482252141982864,0.8248100379704906,0.8287885737261269,0.30905752753977966,0.2969343499925613,0.30324808282486637,30.905752753977968,30.324808282486636
wheat,efficientnet_b0_baseline,blur_severe,blur,3,{'sigma': 4.0},0.3671970624235006,0.36847888503297477,0.5511643115673412,0.36847888503297477,0.357214595504798,304.8963694572449,0.8482252141982864,0.8248100379704906,0.8287885737261269,0.48102815177478586,0.4563311529375158,0.4715739782213289,48.10281517747859,47.15739782213289
wheat,efficientnet_b0_baseline,brightness_mild,brightness,1,{'factor': 0.8},0.8427172582619339,0.8079044289064466,0.8166211647454164,0.8079044289064466,0.8113624187639815,43.15491509437561,0.8482252141982864,0.8248100379704906,0.8287885737261269,0.00550795593635256,0.016905609064043925,0.01742615496214539,0.550795593635256,1.742615496214539
wheat,efficientnet_b0_baseline,brightness_moderate,brightness,2,{'factor': 0.6},0.8353733170134638,0.8005904293473434,0.8190334245211033,0.8005904293473434,0.8055369827103863,42.877376556396484,0.8482252141982864,0.8248100379704906,0.8287885737261269,0.012851897184822603,0.024219608623147204,0.02325159101574059,1.2851897184822603,2.325159101574059
wheat,efficientnet_b0_baseline,brightness_severe,brightness,3,{'factor': 0.4},0.769889840881273,0.7306831612045411,0.7443348388187196,0.7306831612045411,0.722231927963606,42.89458203315735,0.8482252141982864,0.8248100379704906,0.8287885737261269,0.07833537331701346,0.09412687676594944,0.10655664576252089,7.833537331701345,10.65566457625209
wheat,efficientnet_b0_baseline,jpeg_mild,jpeg,1,{'quality': 70},0.835985312117503,0.8166093976127561,0.8299430227252775,0.8166093976127561,0.821131436909249,49.88117170333862,0.8482252141982864,0.8248100379704906,0.8287885737261269,0.012239902080783405,0.00820064035773449,0.007657136816877963,1.2239902080783405,0.7657136816877963
wheat,efficientnet_b0_baseline,jpeg_moderate,jpeg,2,{'quality': 40},0.7980416156670747,0.7810775481980786,0.7940146875376889,0.7810775481980786,0.7822990631223364,48.25517249107361,0.8482252141982864,0.8248100379704906,0.8287885737261269,0.05018359853121179,0.04373248977241195,0.046489510603790474,5.018359853121179,4.648951060379048
wheat,efficientnet_b0_baseline,jpeg_severe,jpeg,3,{'quality': 20},0.7607099143206855,0.7447595681694525,0.7691568649030457,0.7447595681694525,0.7453010004261894,47.398884296417236,0.8482252141982864,0.8248100379704906,0.8287885737261269,0.08751529987760098,0.08005046980103803,0.0834875732999375,8.751529987760097,8.34875732999375
wheat,mobilenet_v2_baseline,clean,clean,0,{'parameter': 'none'},0.8433292533659731,0.8202641965507451,0.8227287411571976,0.8202641965507451,0.8208258575206616,35.14543962478638,0.8433292533659731,0.8202641965507451,0.8208258575206616,0.0,0.0,0.0,0.0,0.0
wheat,mobilenet_v2_baseline,blur_mild,blur,1,{'sigma': 1.0},0.737454100367197,0.708046465827026,0.7235133844549739,0.708046465827026,0.7022883703690875,227.14318370819092,0.8433292533659731,0.8202641965507451,0.8208258575206616,0.10587515299877603,0.1122177307237191,0.11853748715157408,10.587515299877603,11.853748715157408
wheat,mobilenet_v2_baseline,blur_moderate,blur,2,{'sigma': 2.0},0.5226438188494492,0.5276150938188301,0.6200470089904997,0.5276150938188301,0.503882731199644,248.66649389266968,0.8433292533659731,0.8202641965507451,0.8208258575206616,0.32068543451652387,0.292649102731915,0.3169431263210176,32.06854345165239,31.694312632101763
wheat,mobilenet_v2_baseline,blur_severe,blur,3,{'sigma': 4.0},0.3525091799265606,0.35558788262729196,0.5841217817399496,0.35558788262729196,0.34092749249893417,304.5405604839325,0.8433292533659731,0.8202641965507451,0.8208258575206616,0.4908200734394125,0.46467631392345315,0.47989836502172745,49.08200734394125,47.98983650217274
wheat,mobilenet_v2_baseline,brightness_mild,brightness,1,{'factor': 0.8},0.8304773561811506,0.8034270542620194,0.8099480413481822,0.8034270542620194,0.8055755651090271,42.46398305892944,0.8433292533659731,0.8202641965507451,0.8208258575206616,0.012851897184822492,0.01683714228872568,0.015250292411634558,1.2851897184822492,1.5250292411634558
wheat,mobilenet_v2_baseline,brightness_moderate,brightness,2,{'factor': 0.6},0.8072215422276622,0.7820924854471897,0.7817360434778643,0.7820924854471897,0.7789480317490162,42.25156784057617,0.8433292533659731,0.8202641965507451,0.8208258575206616,0.036107711138310905,0.03817171110355544,0.04187782577164545,3.6107711138310905,4.187782577164545
wheat,mobilenet_v2_baseline,brightness_severe,brightness,3,{'factor': 0.4},0.7490820073439413,0.7243541064579048,0.7363480487215592,0.7243541064579048,0.7137079865012251,42.60977792739868,0.8433292533659731,0.8202641965507451,0.8208258575206616,0.09424724602203183,0.09591009009284035,0.10711787101943648,9.424724602203183,10.71178710194365
wheat,mobilenet_v2_baseline,jpeg_mild,jpeg,1,{'quality': 70},0.8188494492044064,0.8050076845956471,0.8070450654179101,0.8050076845956471,0.8029744912079188,49.05593943595886,0.8433292533659731,0.8202641965507451,0.8208258575206616,0.0244798041615667,0.015256511955098029,0.017851366312742867,2.44798041615667,1.7851366312742867
wheat,mobilenet_v2_baseline,jpeg_moderate,jpeg,2,{'quality': 40},0.7906976744186046,0.7803072961197695,0.7844255585508519,0.7803072961197695,0.7752066507510722,47.730637550354004,0.8433292533659731,0.8202641965507451,0.8208258575206616,0.052631578947368474,0.03995690043097566,0.045619206769589415,5.263157894736848,4.561920676958941
wheat,mobilenet_v2_baseline,jpeg_severe,jpeg,3,{'quality': 20},0.730110159118727,0.7240836446880591,0.752694040485455,0.7240836446880591,0.7216206861169531,46.63340449333191,0.8433292533659731,0.8202641965507451,0.8208258575206616,0.11321909424724608,0.09618055186268604,0.09920517140370855,11.321909424724607,9.920517140370855
wheat,efficientnet_b0_degradation,clean,clean,0,{'parameter': 'none'},0.8598531211750307,0.8351838007343171,0.8439046781576737,0.8351838007343171,0.8384292574402005,30.83777141571045,0.8598531211750307,0.8351838007343171,0.8384292574402005,0.0,0.0,0.0,0.0,0.0
wheat,efficientnet_b0_degradation,blur_mild,blur,1,{'sigma': 1.0},0.847001223990208,0.8182709121802817,0.8286926708206592,0.8182709121802817,0.8225542392603521,224.24901723861694,0.8598531211750307,0.8351838007343171,0.8384292574402005,0.012851897184822603,0.016912888554035388,0.015875018179848377,1.2851897184822603,1.5875018179848377
wheat,efficientnet_b0_degradation,blur_moderate,blur,2,{'sigma': 2.0},0.7680538555691554,0.727608405932029,0.7592028635988817,0.727608405932029,0.7333183982715025,240.68607211112976,0.8598531211750307,0.8351838007343171,0.8384292574402005,0.09179926560587526,0.10757539480228806,0.105110859168698,9.179926560587525,10.5110859168698
wheat,efficientnet_b0_degradation,blur_severe,blur,3,{'sigma': 4.0},0.5795593635250919,0.5280885937034294,0.7052978993323628,0.5280885937034294,0.5571564770100429,303.2826392650604,0.8598531211750307,0.8351838007343171,0.8384292574402005,0.2802937576499388,0.30709520703088766,0.2812727804301576,28.02937576499388,28.127278043015757
wheat,efficientnet_b0_degradation,brightness_mild,brightness,1,{'factor': 0.8},0.8623011015911872,0.8355496554889629,0.8472953118366279,0.8355496554889629,0.840241270818858,43.78041481971741,0.8598531211750307,0.8351838007343171,0.8384292574402005,-0.00244798041615657,-0.0003658547546457891,-0.001812013378657551,-0.244798041615657,-0.1812013378657551
wheat,efficientnet_b0_degradation,brightness_moderate,brightness,2,{'factor': 0.6},0.8537331701346389,0.8308871778704349,0.832596300441645,0.8308871778704349,0.8306214760504572,43.289703607559204,0.8598531211750307,0.8351838007343171,0.8384292574402005,0.006119951040391758,0.004296622863882216,0.007807781389743251,0.6119951040391758,0.7807781389743251
wheat,efficientnet_b0_degradation,brightness_severe,brightness,3,{'factor': 0.4},0.824969400244798,0.800116605575086,0.8019854003576725,0.800116605575086,0.7970944185463902,43.42727208137512,0.8598531211750307,0.8351838007343171,0.8384292574402005,0.03488372093023262,0.03506719515923107,0.04133483889381029,3.488372093023262,4.133483889381029
wheat,efficientnet_b0_degradation,jpeg_mild,jpeg,1,{'quality': 70},0.8598531211750307,0.8377186337111965,0.8476507370322133,0.8377186337111965,0.8419811392740356,51.400978326797485,0.8598531211750307,0.8351838007343171,0.8384292574402005,0.0,-0.0025348329768793976,-0.0035518818338351466,0.0,-0.35518818338351466
wheat,efficientnet_b0_degradation,jpeg_moderate,jpeg,2,{'quality': 40},0.8451652386780906,0.8238867799161581,0.8284964159795579,0.8238867799161581,0.8248882976312227,49.896740674972534,0.8598531211750307,0.8351838007343171,0.8384292574402005,0.014687882496940086,0.011297020818158976,0.013540959808977737,1.4687882496940086,1.3540959808977737
wheat,efficientnet_b0_degradation,jpeg_severe,jpeg,3,{'quality': 20},0.824969400244798,0.8012175298932275,0.8036961552073518,0.8012175298932275,0.7995975852673265,49.09233093261719,0.8598531211750307,0.8351838007343171,0.8384292574402005,0.03488372093023262,0.03396627084108961,0.03883167217287398,3.488372093023262,3.8831672172873977
rice,efficientnet_b0_baseline,clean,clean,0,{'parameter': 'none'},0.9562137797810689,0.9520180942844514,0.9454399295385458,0.9520180942844514,0.9484132576310438,27.815447330474854,0.9562137797810689,0.9520180942844514,0.9484132576310438,0.0,0.0,0.0,0.0,0.0
rice,efficientnet_b0_baseline,blur_mild,blur,1,{'sigma': 1.0},0.9504185447520928,0.9500235403185922,0.9431732015130063,0.9500235403185922,0.9459952088694216,38.35808730125427,0.9562137797810689,0.9520180942844514,0.9484132576310438,0.0057952350289761645,0.001994553965859236,0.0024180487616222157,0.5795235028976164,0.24180487616222157
rice,efficientnet_b0_baseline,blur_moderate,blur,2,{'sigma': 2.0},0.8338699291693497,0.8003403266254374,0.8522081176161777,0.8003403266254374,0.8141357907203715,43.58565878868103,0.9562137797810689,0.9520180942844514,0.9484132576310438,0.12234385061171926,0.15167776765901397,0.13427746691067233,12.234385061171926,13.427746691067233
rice,efficientnet_b0_baseline,blur_severe,blur,3,{'sigma': 4.0},0.5524790727623954,0.4738150655509055,0.6557642580601748,0.4738150655509055,0.4613646287129144,64.74186992645264,0.9562137797810689,0.9520180942844514,0.9484132576310438,0.40373470701867353,0.47820302873354587,0.4870486289181294,40.373470701867355,48.70486289181294
rice,efficientnet_b0_baseline,brightness_mild,brightness,1,{'factor': 0.8},0.9162910495814552,0.9033368339748604,0.9163348770516622,0.9033368339748604,0.9066844438760772,15.692190170288086,0.9562137797810689,0.9520180942844514,0.9484132576310438,0.039922730199613676,0.04868126030959097,0.04172881375496662,3.9922730199613676,4.172881375496662
rice,efficientnet_b0_baseline,brightness_moderate,brightness,2,{'factor': 0.6},0.6941403734707019,0.6526949520187714,0.7925091279703915,0.6526949520187714,0.6604767051628984,15.590335845947266,0.9562137797810689,0.9520180942844514,0.9484132576310438,0.262073406310367,0.29932314226568,0.2879365524681454,26.2073406310367,28.79365524681454
rice,efficientnet_b0_baseline,brightness_severe,brightness,3,{'factor': 0.4},0.29491307147456536,0.20182829180492523,0.4568290094799357,0.20182829180492523,0.1705571822151198,15.48777985572815,0.9562137797810689,0.9520180942844514,0.9484132576310438,0.6613007083065036,0.7501898024795262,0.7778560754159239,66.13007083065035,77.7856075415924
rice,efficientnet_b0_baseline,jpeg_mild,jpeg,1,{'quality': 70},0.9555698647778493,0.9538761807733118,0.945559065519709,0.9538761807733118,0.94939456905427,18.901183366775513,0.9562137797810689,0.9520180942844514,0.9484132576310438,0.0006439150032195862,-0.0018580864888604331,-0.0009813114232262166,0.06439150032195862,-0.09813114232262166
rice,efficientnet_b0_baseline,jpeg_moderate,jpeg,2,{'quality': 40},0.952994204764971,0.9516695547528384,0.9448396642328023,0.9516695547528384,0.9478880506865492,17.876286506652832,0.9562137797810689,0.9520180942844514,0.9484132576310438,0.003219575016097931,0.0003485395316129569,0.0005252069444945384,0.3219575016097931,0.05252069444945384
rice,efficientnet_b0_baseline,jpeg_severe,jpeg,3,{'quality': 20},0.9510624597553123,0.9506137100312513,0.9446781430481576,0.9506137100312513,0.9471489469212415,17.451592445373535,0.9562137797810689,0.9520180942844514,0.9484132576310438,0.005151320025756578,0.0014043842532001083,0.0012643107098022632,0.5151320025756578,0.12643107098022632
rice,mobilenet_v2_baseline,clean,clean,0,{'parameter': 'none'},0.952994204764971,0.953420205048325,0.9467867377170667,0.953420205048325,0.9494733429473273,14.210878849029541,0.952994204764971,0.953420205048325,0.9494733429473273,0.0,0.0,0.0,0.0,0.0
rice,mobilenet_v2_baseline,blur_mild,blur,1,{'sigma': 1.0},0.9471989697359948,0.9450394163996464,0.9410902785720736,0.9450394163996464,0.9424073701813945,37.574584007263184,0.952994204764971,0.953420205048325,0.9494733429473273,0.0057952350289761645,0.008380788648678639,0.007065972765932793,0.5795235028976164,0.7065972765932793
rice,mobilenet_v2_baseline,blur_moderate,blur,2,{'sigma': 2.0},0.8113329040566645,0.7823193309733045,0.8320883832996435,0.7823193309733045,0.7932933534666569,42.93691062927246,0.952994204764971,0.953420205048325,0.9494733429473273,0.14166130070830651,0.1711008740750205,0.15617998948067047,14.16613007083065,15.617998948067047
rice,mobilenet_v2_baseline,blur_severe,blur,3,{'sigma': 4.0},0.5383129426915647,0.49066341611608405,0.6545037634012761,0.49066341611608405,0.48715033847790323,63.36963129043579,0.952994204764971,0.953420205048325,0.9494733429473273,0.4146812620734063,0.462756788932241,0.4623230044694241,41.468126207340624,46.23230044694241
rice,mobilenet_v2_baseline,brightness_mild,brightness,1,{'factor': 0.8},0.8705730843528654,0.8556711020484853,0.8928116219941259,0.8556711020484853,0.8594469901750983,14.878755331039429,0.952994204764971,0.953420205048325,0.9494733429473273,0.08242112041210559,0.09774910299983974,0.09002635277222903,8.242112041210559,9.002635277222904
rice,mobilenet_v2_baseline,brightness_moderate,brightness,2,{'factor': 0.6},0.6252414681262073,0.5709074186150819,0.7900610944202551,0.5709074186150819,0.5844333844774942,14.994931936264038,0.952994204764971,0.953420205048325,0.9494733429473273,0.3277527366387637,0.38251278643324316,0.36503995846983317,32.77527366387637,36.503995846983315
rice,mobilenet_v2_baseline,brightness_severe,brightness,3,{'factor': 0.4},0.2768834513844173,0.19200893139175781,0.5044934157567625,0.19200893139175781,0.17197561181807045,14.803554058074951,0.952994204764971,0.953420205048325,0.9494733429473273,0.6761107533805537,0.7614112736565672,0.7774977311292569,67.61107533805537,77.7497731129257
rice,mobilenet_v2_baseline,jpeg_mild,jpeg,1,{'quality': 70},0.9504185447520928,0.9466529467954379,0.9436080403432587,0.9466529467954379,0.9442265943145219,17.871832609176636,0.952994204764971,0.953420205048325,0.9494733429473273,0.0025756600128782337,0.006767258252887154,0.005246748632805387,0.25756600128782337,0.5246748632805387
rice,mobilenet_v2_baseline,jpeg_moderate,jpeg,2,{'quality': 40},0.9452672247263362,0.94778137586786,0.9391674725561486,0.94778137586786,0.9419425851024495,16.750301599502563,0.952994204764971,0.953420205048325,0.9494733429473273,0.007726980038634812,0.005638829180464988,0.007530757844877778,0.7726980038634812,0.7530757844877778
rice,mobilenet_v2_baseline,jpeg_severe,jpeg,3,{'quality': 20},0.9349645846748229,0.9335473981805318,0.9267384441824469,0.9335473981805318,0.9271236474566462,16.44240427017212,0.952994204764971,0.953420205048325,0.9494733429473273,0.01802962009014808,0.019872806867793247,0.02234969549068111,1.802962009014808,2.234969549068111
rice,efficientnet_b0_degradation,clean,clean,0,{'parameter': 'none'},0.9562137797810689,0.9568541350815094,0.9533732644621038,0.9568541350815094,0.9550142207861585,12.238796472549438,0.9562137797810689,0.9568541350815094,0.9550142207861585,0.0,0.0,0.0,0.0,0.0
rice,efficientnet_b0_degradation,blur_mild,blur,1,{'sigma': 1.0},0.9587894397939472,0.9585221021816193,0.9552180153157963,0.9585221021816193,0.9567465791034768,37.981228828430176,0.9562137797810689,0.9568541350815094,0.9550142207861585,-0.0025756600128782337,-0.0016679671001098573,-0.0017323583173183277,-0.25756600128782337,-0.17323583173183277
rice,efficientnet_b0_degradation,blur_moderate,blur,2,{'sigma': 2.0},0.9523502897617514,0.9508616340338705,0.9490146237491348,0.9508616340338705,0.9498230882008357,43.29430174827576,0.9562137797810689,0.9568541350815094,0.9550142207861585,0.003863490019317517,0.005992501047638932,0.0051911325853227774,0.3863490019317517,0.5191132585322777
rice,efficientnet_b0_degradation,blur_severe,blur,3,{'sigma': 4.0},0.9253058596265293,0.9188838569021843,0.920396478690806,0.9188838569021843,0.9177563515582807,64.71110773086548,0.9562137797810689,0.9568541350815094,0.9550142207861585,0.03090792015453958,0.03797027817932508,0.03725786922787777,3.090792015453958,3.725786922787777
rice,efficientnet_b0_degradation,brightness_mild,brightness,1,{'factor': 0.8},0.9555698647778493,0.9568959051825952,0.9522572058754951,0.9568959051825952,0.9544357261624672,15.42343258857727,0.9562137797810689,0.9568541350815094,0.9550142207861585,0.0006439150032195862,-4.177010108574741e-05,0.0005784946236913058,0.06439150032195862,0.05784946236913058
rice,efficientnet_b0_degradation,brightness_moderate,brightness,2,{'factor': 0.6},0.9233741146168706,0.912218860715367,0.9278706383954237,0.912218860715367,0.9190228218132506,15.559853315353394,0.9562137797810689,0.9568541350815094,0.9550142207861585,0.03283966516419834,0.04463527436614245,0.03599139897290793,3.283966516419834,3.599139897290793
rice,efficientnet_b0_degradation,brightness_severe,brightness,3,{'factor': 0.4},0.6432710882163555,0.5409425479715063,0.7801029222903846,0.5409425479715063,0.5888692092106099,15.348540306091309,0.9562137797810689,0.9568541350815094,0.9550142207861585,0.31294269156471344,0.4159115871100031,0.3661450115755486,31.294269156471344,36.614501157554855
rice,efficientnet_b0_degradation,jpeg_mild,jpeg,1,{'quality': 70},0.9549259497746297,0.9534678627193335,0.9514992212200981,0.9534678627193335,0.9524371900103284,18.740234851837158,0.9562137797810689,0.9568541350815094,0.9550142207861585,0.0012878300064391723,0.003386272362175924,0.002577030775830047,0.12878300064391723,0.2577030775830047
rice,efficientnet_b0_degradation,jpeg_moderate,jpeg,2,{'quality': 40},0.9594333547971667,0.9605627271192555,0.9569857926570347,0.9605627271192555,0.9586753383961097,17.705984592437744,0.9562137797810689,0.9568541350815094,0.9550142207861585,-0.00321957501609782,-0.0037085920377460946,-0.0036611176099512477,-0.321957501609782,-0.36611176099512477
rice,efficientnet_b0_degradation,jpeg_severe,jpeg,3,{'quality': 20},0.9536381197681906,0.9535247541382852,0.9504629461419143,0.9535247541382852,0.9519198569864866,17.222222805023193,0.9562137797810689,0.9568541350815094,0.9550142207861585,0.0025756600128783447,0.003329380943224214,0.003094363799671873,0.25756600128783447,0.3094363799671873
